<?xml version="1.0" encoding="UTF-8"?>
<beans:beans
	xmlns="http://www.springframework.org/schema/mvc"
	xmlns:xsi="http://www.w3.org/2001/XMLSchema-instance"
	xmlns:beans="http://www.springframework.org/schema/beans"
	xmlns:context="http://www.springframework.org/schema/context"
	xmlns:aop="http://www.springframework.org/schema/aop"
	xmlns:task="http://www.springframework.org/schema/task"
	xmlns:tx="http://www.springframework.org/schema/tx"
	xsi:schemaLocation="http://www.springframework.org/schema/mvc https://www.springframework.org/schema/mvc/spring-mvc.xsd
		http://www.springframework.org/schema/task http://www.springframework.org/schema/task/spring-task-4.3.xsd
		http://www.springframework.org/schema/beans https://www.springframework.org/schema/beans/spring-beans.xsd
		http://www.springframework.org/schema/context https://www.springframework.org/schema/context/spring-context.xsd
		http://www.springframework.org/schema/aop http://www.springframework.org/schema/aop/spring-aop-4.3.xsd
		http://www.springframework.org/schema/tx http://www.springframework.org/schema/tx/spring-tx-4.3.xsd">

	<!-- DispatcherServlet Context: defines this servlet's request-processing 
		infrastructure -->

	<!-- Enables the Spring MVC @Controller programming model -->
	<annotation-driven />
	<task:annotation-driven />

	<!-- Handles HTTP GET requests for /resources/** by efficiently serving 
		up static resources in the ${webappRoot}/resources directory -->
	<resources mapping="/resources/**" location="/resources/" />
	<resources location="/summerimageup/" mapping="/summerimageup/**" />
	<resources location="/upload/" mapping="/upload/**"/>
	<resources location="/uploadimage/" mapping="/uploadimage/**"/>
	<!-- Resolves views selected for rendering by @Controllers to .jsp resourcefs 
		in the /WEB-INF/views directory -->
	<beans:bean
		class="org.springframework.web.servlet.view.InternalResourceViewResolver">
		<beans:property name="prefix" value="/WEB-INF/views/" />
		<beans:property name="suffix" value=".jsp" />
	</beans:bean>

	<beans:bean id="multipartResolver"
		class="org.springframework.web.multipart.commons.CommonsMultipartResolver">
		<beans:property name="maxUploadSize" value="10485760"></beans:property>
		<beans:property name="maxInMemorySize" value="10485760"></beans:property>
	</beans:bean>

	<beans:bean id="logaop" class="kh.pet.aspect.LogAdvisor"></beans:bean>

	<aop:config>
		<aop:pointcut
			expression="execution(* kh.pet.controller.MessageController.*(..))" id="login" />
		<aop:pointcut
			expression="execution(* kh.pet.controller.ExceptionController.*(..))" id="login2" />
		<aop:pointcut
			expression="execution(* kh.pet.controller.Mb_boardController.*(..))" id="login3" />
<!-- 		<aop:pointcut
			expression="execution(* kh.pet.controller.MypageController.*(..))" id="login4" /> -->
<!-- 		<aop:pointcut
			expression="execution(* kh.pet.controller.Mypage_regController.*(..))" id="login5" /> -->
		<aop:pointcut
			expression="execution(* kh.pet.controller.PetsitterboardController.*(..))" id="login6" />
		<aop:pointcut
			expression="execution(* kh.pet.controller.PetsitterController.*(..))" id="login7" />
		<aop:pointcut
			expression="execution(* kh.pet.controller.ReviewController.*(..))" id="login8" />
		<aop:aspect ref="logaop">
			<aop:around method="logincheck" pointcut-ref="login"/>
			<aop:around method="logincheck" pointcut-ref="login2"/>
			<aop:around method="logincheck" pointcut-ref="login3"/>
<!-- 			<aop:around method="logincheck" pointcut-ref="login4"/> -->
<!-- 			<aop:around method="logincheck" pointcut-ref="login5"/> -->
			<aop:around method="logincheck" pointcut-ref="login6"/>
			<aop:around method="logincheck" pointcut-ref="login7"/>
			<aop:around method="logincheck" pointcut-ref="login8"/>
		</aop:aspect>
	</aop:config>

	<context:component-scan base-package="kh.pet" />
</beans:beans>
